flight_id,flight_number,actual_flight_date,status,total_passengers,baggage_weight,revenue_from_baggage
AAAA01,BA1310,29/04/2023,Scheduled,154,2772,16867
AAAA02,BA499,05/04/2023,Cancelled,77,1386,40262
AAAA03,BA499,07/05/2023,Scheduled,0,0,0
AAAA04,BA504,20/05/2023,Scheduled,99,1782,18447
AAAA05,BA505,05/04/2023,Cancelled,326,5868,163403
AAAA06,BA542,07/05/2023,Scheduled,372,6696,48765
AAAA07,BA542,05/04/2023,Scheduled,4,72,450
AAAA08,BA543,05/04/2023,Cancelled,163,2934,78708
AAAA09,BA543,29/04/2023,Scheduled,135,2430,15158
AAAA10,BA544,05/04/2023,Scheduled,1,18,100
AAAA100,BA2359,05/04/2023,Cancelled,97,1746,43700
AAAA11,BA545,05/04/2023,Cancelled,101,1818,46006
AAAA12,BA608,29/04/2023,Scheduled,183,3294,19856
AAAA13,BA608,05/04/2023,Scheduled,0,0,0
AAAA14,BA631,05/04/2023,Scheduled,0,0,0
AAAA15,BA886,05/04/2023,Cancelled,65,1170,33644
AAAA16,BA1444,05/04/2023,Scheduled,0,0,0
AAAA17,BA1444,05/04/2023,Scheduled,170,3060,18503
AAAA18,BA1700,05/04/2023,Cancelled,23,414,10300
AAAA19,BA1702,13/04/2023,Scheduled,73,1314,7950
AAAA20,BA1705,05/04/2023,Cancelled,69,1242,30854
AAAA21,BA1706,13/04/2023,Scheduled,97,1746,10550
AAAA22,BA1707,05/04/2023,Cancelled,85,1530,38500
AAAA23,BA1709,05/04/2023,Scheduled,62,1116,6750
AAAA24,BA1712,05/04/2023,Cancelled,84,1512,38353
AAAA25,BA1716,28/04/2023,Scheduled,100,1800,10900
AAAA26,BA1722,05/04/2023,Cancelled,90,1620,40859
AAAA27,BA1723,13/04/2023,Scheduled,90,1620,9800
AAAA28,BA1729,05/04/2023,Cancelled,46,828,20600
AAAA29,BA1730,28/04/2023,Scheduled,35,630,3800
AAAA30,BA1738,05/04/2023,Cancelled,130,2340,59002
AAAA31,BA1371,05/04/2023,Scheduled,0,0,0
AAAA32,BA1371,05/04/2023,Scheduled,135,2430,14465
AAAA33,BA1374,07/05/2023,Scheduled,135,2430,14700
AAAA34,BA1377,05/04/2023,Cancelled,148,2664,68612
AAAA35,BA1378,05/04/2023,Scheduled,145,2610,15962
AAAA36,BA1379,05/04/2023,Cancelled,135,2430,61353
AAAA37,BA1381,28/04/2023,Scheduled,106,1908,11456
AAAA38,BA1382,05/04/2023,Cancelled,107,1926,48700
AAAA39,BA1387,05/04/2023,Cancelled,88,1584,40706
AAAA40,BA1388,05/04/2023,Scheduled,95,1710,10303
AAAA41,BA1390,28/04/2023,Scheduled,77,1386,8400
AAAA42,BA1394,05/04/2023,Cancelled,68,1224,30706
AAAA43,BA1395,20/05/2023,Scheduled,71,1278,7750
AAAA44,BA1397,20/05/2023,Scheduled,90,1620,9916
AAAA45,BA1398,05/04/2023,Cancelled,87,1566,40512
AAAA46,BA1399,05/04/2023,Scheduled,89,1602,9653
AAAA47,BA1510,05/04/2023,Scheduled,127,2286,13803
AAAA48,BA1516,05/04/2023,Cancelled,96,1728,43412
AAAA49,BA1517,05/04/2023,Scheduled,70,1260,7650
AAAA50,BA1526,05/04/2023,Cancelled,97,1746,43559
AAAA51,BA1534,07/05/2023,Scheduled,87,1566,9453
AAAA52,BA1538,05/04/2023,Cancelled,98,1764,45753
AAAA53,BA1997,13/04/2023,Scheduled,161,2898,17268
AAAA54,BA2000,05/04/2023,Cancelled,159,2862,73759
AAAA55,BA2001,05/04/2023,Scheduled,162,2916,17368
AAAA56,BA2002,05/04/2023,Cancelled,180,3240,81671
AAAA57,BA2004,05/04/2023,Scheduled,105,1890,11215
AAAA58,BA2005,05/04/2023,Cancelled,71,1278,33112
AAAA59,BA2006,07/05/2023,Scheduled,132,2376,14353
AAAA60,BA2007,05/04/2023,Cancelled,174,3132,79313
AAAA61,BA2008,13/04/2023,Scheduled,152,2736,16456
AAAA62,BA891,05/04/2023,Cancelled,188,3384,87013
AAAA63,BA893,05/04/2023,Scheduled,0,0,1594
AAAA64,BA894,05/04/2023,Cancelled,277,4986,129263
AAAA65,BA905,29/04/2023,Scheduled,264,4752,29995
AAAA66,BA905,05/04/2023,Cancelled,122,2196,61623
AAAA67,BA907,05/04/2023,Scheduled,0,0,464
AAAA68,BA922,05/04/2023,Scheduled,0,0,0
AAAA69,BA933,05/04/2023,Scheduled,0,0,0
AAAA70,BA935,05/04/2023,Cancelled,373,6714,175471
AAAA71,BA948,05/04/2023,Scheduled,376,6768,45455
AAAA72,BA948,05/04/2023,Cancelled,191,3438,103747
AAAA73,BA949,05/04/2023,Scheduled,0,0,0
AAAA74,BA949,05/04/2023,Scheduled,189,3402,31288
AAAA75,BA955,05/04/2023,Scheduled,0,0,0
AAAA76,BA631,05/04/2023,Scheduled,0,0,0
AAAA77,BA721,05/04/2023,Scheduled,0,0,0
AAAA78,BA1401,05/04/2023,Cancelled,98,1764,57092
AAAA79,BA1401,05/04/2023,Cancelled,54,972,25400
AAAA80,BA1739,05/04/2023,Scheduled,27,486,2950
AAAA81,BA1739,13/04/2023,Scheduled,116,2088,12556
AAAA82,BA1743,05/04/2023,Cancelled,113,2034,51112
AAAA83,BA1744,07/05/2023,Scheduled,54,972,5900
AAAA84,BA1748,05/04/2023,Cancelled,94,1692,43259
AAAA85,BA1752,05/04/2023,Cancelled,50,900,23000
AAAA86,BA1753,13/04/2023,Scheduled,56,1008,6053
AAAA87,BA1762,05/04/2023,Cancelled,62,1116,28106
AAAA88,BA1771,05/04/2023,Cancelled,97,1746,43606
AAAA89,BA1774,05/04/2023,Cancelled,93,1674,43253
AAAA90,BA1775,20/05/2023,Scheduled,96,1728,10450
AAAA91,BA1787,05/04/2023,Scheduled,36,648,3900
AAAA92,BA2338,05/04/2023,Cancelled,138,2484,63659
AAAA93,BA2341,05/04/2023,Scheduled,48,864,5203
AAAA94,BA2342,05/04/2023,Cancelled,74,1332,33259
AAAA95,BA2343,05/04/2023,Scheduled,93,1674,10056
AAAA96,BA2349,05/04/2023,Cancelled,81,1458,38100
AAAA97,BA2351,05/04/2023,Scheduled,120,2160,12966
AAAA98,BA2354,05/04/2023,Cancelled,99,1782,45900
AAAA99,BA2355,20/05/2023,Scheduled,98,1764,10559
AAAA101,BA1748,01/05/2023,Completed,97,6768,11456
AAAA102,BA922,06/02/2023,Scheduled,113,1566,30706
AAAA103,BA948,20/03/2023,Scheduled,77,0,0
AAAA104,BA1775,05/02/2023,Cancelled,69,3132,63659
AAAA105,BA1388,11/04/2023,Cancelled,71,6768,59002
AAAA106,BA1382,10/02/2023,Completed,99,1332,61353
AAAA107,BA949,01/01/2023,Scheduled,62,0,7750
AAAA108,BA1310,30/01/2023,Completed,98,2664,17368
AAAA109,BA1997,06/04/2023,Scheduled,0,1764,10450
AAAA110,BA935,12/04/2023,Cancelled,106,1764,20600
AAAA111,BA1787,01/01/2023,Scheduled,116,2916,10559
AAAA112,BA1738,10/01/2023,Scheduled,106,2286,13803
AAAA113,BA1739,07/05/2023,Cancelled,174,972,40262
AAAA114,BA1997,25/02/2023,Cancelled,71,0,68612
AAAA115,BA2338,12/04/2023,Scheduled,71,1332,17268
AAAA116,BA935,18/04/2023,Scheduled,62,0,10303
AAAA117,BA1381,09/05/2023,Completed,77,2736,0
AAAA118,BA499,02/05/2023,Scheduled,154,2286,45900
AAAA119,BA948,23/02/2023,Completed,183,1170,68612
AAAA120,BA907,08/04/2023,Completed,0,1620,9653
AAAA121,BA1729,07/04/2023,Cancelled,189,972,10303
AAAA122,BA949,14/05/2023,Cancelled,46,2664,16867
AAAA123,BA905,28/02/2023,Cancelled,71,2430,11215
AAAA124,BA1753,22/04/2023,Cancelled,74,6714,81671
AAAA125,BA1398,20/02/2023,Cancelled,62,972,61623
AAAA126,BA2342,22/03/2023,Scheduled,0,1332,15158
AAAA127,BA1748,03/04/2023,Cancelled,74,1332,10450
AAAA128,BA1374,29/05/2023,Completed,65,0,7950
AAAA129,BA499,09/04/2023,Cancelled,69,3294,5900
AAAA130,BA2341,18/03/2023,Completed,373,2484,3800
AAAA131,BA893,09/01/2023,Cancelled,89,972,43606
AAAA132,BA2342,18/03/2023,Completed,152,0,13803
AAAA133,BA1387,12/05/2023,Cancelled,373,1764,43259
AAAA134,BA1444,09/01/2023,Completed,89,0,163403
AAAA135,BA894,01/03/2023,Completed,98,630,61623
AAAA136,BA2000,06/03/2023,Scheduled,373,1278,46006
AAAA137,BA893,10/05/2023,Scheduled,161,0,6053
AAAA138,BA1787,06/06/2023,Cancelled,0,2610,0
AAAA139,BA1394,14/06/2023,Cancelled,87,1458,10450
AAAA140,BA1382,30/04/2023,Completed,159,4986,129263
AAAA141,BA1753,20/04/2023,Scheduled,1,2736,16456
AAAA142,BA2006,08/02/2023,Completed,135,2916,12556
AAAA143,BA1730,01/05/2023,Cancelled,148,3294,48700
AAAA144,BA2007,16/05/2023,Cancelled,135,1008,61623
AAAA145,BA2006,09/04/2023,Cancelled,130,1566,163403
AAAA146,BA1771,16/05/2023,Cancelled,107,0,43412
AAAA147,BA2002,20/03/2023,Cancelled,69,1224,43412
AAAA148,BA1534,23/04/2023,Scheduled,113,1728,40859
AAAA149,BA1702,24/05/2023,Cancelled,0,1512,6750
AAAA150,BA1702,04/05/2023,Cancelled,0,1746,5203
AAAA151,BA2354,21/03/2023,Cancelled,116,0,10559
AAAA152,BA504,05/05/2023,Completed,264,1386,45753
AAAA153,BA1397,06/02/2023,Scheduled,65,630,31288
AAAA154,BA1378,13/05/2023,Completed,0,6696,14353
AAAA155,BA955,01/06/2023,Cancelled,135,1458,28106
AAAA156,BA1787,12/02/2023,Completed,27,3294,15158
AAAA157,BA1997,25/03/2023,Cancelled,68,1620,43259
AAAA158,BA1997,04/03/2023,Cancelled,77,1728,15962
AAAA159,BA505,07/02/2023,Cancelled,188,0,11215
AAAA160,BA1516,27/03/2023,Scheduled,105,1908,46006
AAAA161,BA1526,17/03/2023,Completed,0,1746,10303
AAAA162,BA2338,25/01/2023,Completed,372,0,12556
AAAA163,BA1397,21/03/2023,Completed,93,3384,43253
AAAA164,BA2349,04/04/2023,Cancelled,106,1926,45753
AAAA165,BA2338,25/05/2023,Completed,100,1170,9653
AAAA166,BA1382,31/01/2023,Cancelled,50,3438,43559
AAAA167,BA545,06/06/2023,Completed,73,1278,87013
AAAA168,BA1729,11/05/2023,Completed,87,2430,14465
AAAA169,BA1762,22/05/2023,Cancelled,93,1566,163403
AAAA170,BA933,25/03/2023,Scheduled,0,2664,30706
AAAA171,BA499,10/03/2023,Cancelled,70,0,78708
AAAA172,BA1706,05/01/2023,Scheduled,191,1620,48765
AAAA173,BA2004,26/04/2023,Cancelled,96,0,63659
AAAA174,BA631,01/02/2023,Scheduled,99,3240,38500
AAAA175,BA1516,17/03/2023,Cancelled,77,1764,16456
AAAA176,BA1398,15/03/2023,Completed,135,3132,45455
AAAA177,BA1753,12/01/2023,Completed,0,1224,23000
AAAA178,BA1787,23/05/2023,Scheduled,85,1728,175471
AAAA179,BA545,07/04/2023,Completed,372,2772,0
AAAA180,BA922,20/05/2023,Completed,35,1692,8400
AAAA181,BA545,12/04/2023,Cancelled,62,3384,103747
AAAA182,BA1738,08/02/2023,Completed,189,1710,129263
AAAA183,BA721,21/03/2023,Scheduled,148,1782,175471
AAAA184,BA2001,23/02/2023,Completed,163,4752,43259
AAAA185,BA1388,02/04/2023,Completed,0,0,0
AAAA186,BA935,25/02/2023,Cancelled,161,2898,51112
AAAA187,BA949,14/06/2023,Completed,48,3402,30706
AAAA188,BA2000,04/04/2023,Scheduled,135,0,30854
AAAA189,BA1390,01/02/2023,Scheduled,93,1620,100
AAAA190,BA2000,12/06/2023,Scheduled,71,6714,7950
AAAA191,BA1997,11/01/2023,Scheduled,98,1746,38353
AAAA192,BA1444,15/06/2023,Cancelled,98,2772,8400
AAAA193,BA1534,15/06/2023,Completed,0,6714,12966
AAAA194,BA1390,31/05/2023,Cancelled,97,3240,43559
AAAA195,BA905,23/01/2023,Cancelled,90,2772,175471
AAAA196,BA922,15/01/2023,Completed,50,0,51112
AAAA197,BA1377,11/06/2023,Scheduled,97,1170,38100
AAAA198,BA1771,06/02/2023,Completed,189,1116,0
AAAA199,BA1387,16/03/2023,Cancelled,27,2088,81671
AAAA200,BA1381,23/04/2023,Completed,97,1260,10900
AAAA201,BA721,06/02/2023,Cancelled,138,2430,59002
AAAA202,BA1709,14/03/2023,Scheduled,113,1764,38353
AAAA203,BA886,29/03/2023,Completed,183,1746,10450
AAAA204,BA2002,06/02/2023,Completed,0,972,3900
AAAA205,BA499,07/03/2023,Completed,87,18,43559
AAAA206,BA505,09/06/2023,Completed,0,1746,87013
AAAA207,BA2341,20/05/2023,Completed,264,2430,33259
AAAA208,BA1397,05/06/2023,Completed,0,2430,17268
AAAA209,BA504,26/02/2023,Completed,87,0,45753
AAAA210,BA2355,14/03/2023,Cancelled,0,2196,29995
AAAA211,BA1388,11/05/2023,Completed,0,6714,38100
AAAA212,BA2355,10/04/2023,Cancelled,77,3240,29995
AAAA213,BA1382,05/04/2023,Completed,70,972,11456
AAAA214,BA1387,31/05/2023,Scheduled,73,1764,1594
AAAA215,BA893,31/03/2023,Scheduled,277,72,43253
AAAA216,BA1774,18/05/2023,Completed,100,630,464
AAAA217,BA1390,26/03/2023,Completed,0,2430,7650
AAAA218,BA1997,04/04/2023,Cancelled,0,1764,59002
AAAA219,BA2002,11/01/2023,Completed,4,4752,10550
AAAA220,BA1744,21/05/2023,Scheduled,0,1602,61623
AAAA221,BA1743,10/02/2023,Cancelled,0,0,40262
AAAA222,BA1753,06/03/2023,Scheduled,376,2430,33259
AAAA223,BA2342,06/03/2023,Scheduled,56,1332,10300
AAAA224,BA893,29/03/2023,Scheduled,154,1764,129263
AAAA225,BA1390,18/03/2023,Completed,96,1224,45455
AAAA226,BA544,05/05/2023,Completed,0,1710,10550
AAAA227,BA1398,10/05/2023,Completed,0,3438,40859
AAAA228,BA2349,11/06/2023,Cancelled,191,1764,11456
AAAA229,BA2342,14/03/2023,Scheduled,180,2862,73759
AAAA230,BA1729,18/05/2023,Cancelled,0,1926,45455
AAAA231,BA2338,07/04/2023,Cancelled,154,6714,0
AAAA232,BA1398,19/04/2023,Scheduled,62,2772,3900
AAAA233,BA1709,27/04/2023,Completed,0,1386,0
AAAA234,BA1390,04/03/2023,Completed,94,1242,129263
AAAA235,BA1729,17/05/2023,Cancelled,372,1692,45900
AAAA236,BA1395,02/04/2023,Scheduled,94,2664,16867
AAAA237,BA1517,06/04/2023,Completed,96,1224,16867
AAAA238,BA505,13/02/2023,Completed,46,3132,43606
AAAA239,BA886,28/01/2023,Cancelled,145,1746,59002
AAAA240,BA949,28/05/2023,Completed,0,2430,19856
AAAA241,BA907,18/01/2023,Completed,0,1512,1594
AAAA242,BA891,07/01/2023,Cancelled,0,1818,33644
AAAA243,BA1762,12/05/2023,Scheduled,96,2772,40706
AAAA244,BA504,26/01/2023,Completed,188,72,11215
AAAA245,BA933,27/01/2023,Cancelled,99,1260,15158
AAAA246,BA1729,03/04/2023,Cancelled,94,1260,68612
AAAA247,BA933,30/05/2023,Scheduled,0,0,163403
AAAA248,BA2005,31/03/2023,Scheduled,101,972,100
AAAA249,BA2007,02/02/2023,Completed,99,1530,14465
AAAA250,BA893,01/05/2023,Cancelled,135,2088,51112
AAAA251,BA948,01/06/2023,Cancelled,99,5868,6053
AAAA252,BA893,10/01/2023,Scheduled,161,1260,0
AAAA253,BA1762,04/02/2023,Cancelled,135,0,175471
AAAA254,BA1997,13/02/2023,Cancelled,277,1728,43259
AAAA255,BA1374,14/02/2023,Cancelled,62,2430,30706
AAAA256,BA2004,15/01/2023,Cancelled,99,1674,163403
AAAA257,BA1390,11/03/2023,Scheduled,100,1746,38500
AAAA258,BA1706,10/03/2023,Cancelled,62,1512,15158
AAAA259,BA1702,18/04/2023,Scheduled,326,0,16867
AAAA260,BA922,09/02/2023,Completed,0,4752,2950
AAAA261,BA1722,11/01/2023,Cancelled,145,1746,43259
AAAA262,BA1534,03/03/2023,Completed,98,3132,40512
AAAA263,BA1388,02/05/2023,Cancelled,162,1566,40262
AAAA264,BA949,06/01/2023,Cancelled,74,2610,43259
AAAA265,BA1394,24/01/2023,Cancelled,54,6714,51112
AAAA266,BA1729,28/03/2023,Cancelled,159,1926,23000
AAAA267,BA1707,06/02/2023,Completed,94,1764,19856
AAAA268,BA1378,23/01/2023,Cancelled,0,1782,7750
AAAA269,BA499,21/02/2023,Scheduled,0,1800,87013
AAAA270,BA1771,16/02/2023,Scheduled,0,6768,10559
AAAA271,BA1997,14/04/2023,Cancelled,62,1530,48765
AAAA272,BA1388,13/03/2023,Scheduled,77,0,2950
AAAA273,BA499,17/02/2023,Completed,120,2034,14353
AAAA274,BA1723,23/04/2023,Cancelled,84,2430,87013
AAAA275,BA1774,24/03/2023,Scheduled,93,6714,0
AAAA276,BA2008,24/04/2023,Cancelled,4,1602,15962
AAAA277,BA2359,26/05/2023,Scheduled,4,2376,17368
AAAA278,BA948,18/05/2023,Completed,0,1458,33112
AAAA279,BA948,06/02/2023,Cancelled,62,1746,45900
AAAA280,BA1390,09/06/2023,Completed,161,5868,7750
AAAA281,BA1707,22/04/2023,Completed,159,3132,129263
AAAA282,BA2349,15/04/2023,Scheduled,100,0,31288
AAAA283,BA1374,15/06/2023,Completed,81,1674,20600
AAAA284,BA1382,21/04/2023,Scheduled,87,2034,2950
AAAA285,BA631,29/03/2023,Cancelled,96,864,8400
AAAA286,BA2341,26/01/2023,Cancelled,188,1458,17268
AAAA287,BA545,01/06/2023,Completed,48,1566,0
AAAA288,BA922,26/03/2023,Cancelled,99,2862,33259
AAAA289,BA1401,12/04/2023,Cancelled,127,1800,28106
AAAA290,BA1382,18/03/2023,Scheduled,372,3294,10550
AAAA291,BA1722,05/06/2023,Cancelled,98,972,0
AAAA292,BA1753,26/02/2023,Completed,4,1260,15962
AAAA293,BA2004,10/03/2023,Cancelled,88,2610,0
AAAA294,BA933,08/05/2023,Scheduled,36,2484,10450
AAAA295,BA1390,19/03/2023,Scheduled,127,1764,43700
AAAA296,BA1398,22/03/2023,Cancelled,127,0,17268
AAAA297,BA1390,18/02/2023,Cancelled,46,2430,10303
AAAA298,BA1730,15/02/2023,Completed,0,1314,11215
AAAA299,BA1381,14/04/2023,Scheduled,90,1566,100
AAAA300,BA1390,15/05/2023,Cancelled,97,3402,45455
AAAA301,BA543,23/02/2023,Completed,326,1566,28106
AAAA302,BA1510,12/01/2023,Scheduled,277,6768,464
AAAA303,BA1762,24/05/2023,Completed,135,6714,78708
AAAA304,BA1390,14/03/2023,Cancelled,77,1908,12556
AAAA305,BA1387,06/06/2023,Cancelled,135,1278,10550
AAAA306,BA1705,12/01/2023,Cancelled,98,6768,103747
AAAA307,BA2341,04/04/2023,Scheduled,74,1332,40512
AAAA308,BA543,17/05/2023,Cancelled,84,2664,51112
AAAA309,BA2343,06/05/2023,Completed,264,1278,81671
AAAA310,BA1382,03/02/2023,Scheduled,148,2772,40859
AAAA311,BA1517,27/01/2023,Cancelled,0,1386,73759
AAAA312,BA1510,19/04/2023,Completed,277,1116,12556
AAAA313,BA948,30/05/2023,Scheduled,93,3294,19856
AAAA314,BA955,24/03/2023,Scheduled,1,1620,0
AAAA315,BA891,17/01/2023,Scheduled,85,2034,79313
AAAA316,BA2008,28/04/2023,Scheduled,27,1314,18447
AAAA317,BA1310,18/01/2023,Scheduled,163,0,30706
AAAA318,BA608,10/01/2023,Completed,77,1332,2950
AAAA319,BA1378,28/02/2023,Cancelled,183,3402,17368
AAAA320,BA1382,17/05/2023,Completed,1,1764,10303
AAAA321,BA891,13/06/2023,Completed,0,1116,11215
AAAA322,BA2341,18/04/2023,Completed,264,0,14700
AAAA323,BA2354,21/03/2023,Cancelled,373,828,33112
AAAA324,BA2001,08/05/2023,Scheduled,174,1008,18447
AAAA325,BA907,11/03/2023,Cancelled,138,0,33259
AAAA326,BA2007,16/04/2023,Cancelled,135,3132,33112
AAAA327,BA948,12/02/2023,Scheduled,95,1260,17368
AAAA328,BA1723,04/06/2023,Scheduled,191,0,10300
AAAA329,BA2355,31/05/2023,Cancelled,99,2898,12966
AAAA330,BA1738,25/01/2023,Cancelled,135,1566,57092
AAAA331,BA1390,21/04/2023,Cancelled,326,1584,1594
AAAA332,BA543,02/03/2023,Scheduled,56,1746,5203
AAAA333,BA1387,13/04/2023,Scheduled,97,1908,87013
AAAA334,BA1712,12/02/2023,Scheduled,74,0,0
AAAA335,BA1398,11/05/2023,Scheduled,70,2610,40262
AAAA336,BA1390,11/06/2023,Cancelled,35,1458,0
AAAA337,BA955,23/03/2023,Completed,0,1566,7650
AAAA338,BA499,23/01/2023,Cancelled,98,6768,3800
AAAA339,BA1382,08/02/2023,Scheduled,0,1890,40859
AAAA340,BA1398,07/03/2023,Cancelled,154,2088,57092
AAAA341,BA1729,13/01/2023,Completed,161,6768,79313
AAAA342,BA2004,15/02/2023,Scheduled,95,1566,20600
AAAA343,BA955,08/02/2023,Completed,94,5868,40706
AAAA344,BA631,01/02/2023,Scheduled,62,2862,12966
AAAA345,BA1787,04/01/2023,Scheduled,56,1620,10303
AAAA346,BA1371,03/06/2023,Cancelled,94,1818,33259
AAAA347,BA2004,02/02/2023,Completed,0,2430,38353
AAAA348,BA2359,10/01/2023,Completed,159,3060,30854
AAAA349,BA1390,08/01/2023,Cancelled,161,2160,10900
AAAA350,BA893,07/02/2023,Scheduled,116,2160,129263
AAAA351,BA1729,01/03/2023,Completed,96,1278,10450
AAAA352,BA1398,16/05/2023,Completed,376,0,19856
AAAA353,BA1787,04/01/2023,Cancelled,98,2160,464
AAAA354,BA1390,22/03/2023,Scheduled,68,1620,5203
AAAA355,BA505,25/04/2023,Cancelled,94,0,0
AAAA356,BA1762,05/06/2023,Scheduled,159,0,48765
AAAA357,BA2359,05/02/2023,Scheduled,113,1746,40512
AAAA358,BA955,20/04/2023,Completed,84,2484,100
AAAA359,BA1739,13/03/2023,Scheduled,0,72,79313
AAAA360,BA1723,23/04/2023,Cancelled,162,1746,87013
AAAA361,BA1707,23/01/2023,Completed,48,1674,18503
AAAA362,BA2343,04/06/2023,Completed,96,2916,43259
AAAA363,BA905,28/04/2023,Scheduled,277,1746,45455
AAAA364,BA2006,01/06/2023,Scheduled,0,6714,0
AAAA365,BA1738,09/03/2023,Completed,188,1332,11456
AAAA366,BA1709,15/06/2023,Scheduled,170,6714,163403
AAAA367,BA2338,05/04/2023,Completed,98,2934,28106
AAAA368,BA1516,05/01/2023,Completed,191,1620,45900
AAAA369,BA894,17/01/2023,Scheduled,0,1782,464
AAAA370,BA1748,27/04/2023,Cancelled,100,0,45753
AAAA371,BA1753,06/03/2023,Scheduled,81,6768,48765
AAAA372,BA933,11/03/2023,Completed,90,972,45753
AAAA373,BA499,26/02/2023,Cancelled,264,2196,0
AAAA374,BA1752,06/02/2023,Cancelled,127,1710,2950
AAAA375,BA1775,02/06/2023,Scheduled,183,3438,0
AAAA376,BA891,18/03/2023,Cancelled,127,1116,40706
AAAA377,BA2001,21/05/2023,Completed,135,1278,57092
AAAA378,BA1722,10/02/2023,Cancelled,0,3240,12556
AAAA379,BA1538,11/04/2023,Cancelled,0,2916,48700
AAAA380,BA2005,02/01/2023,Scheduled,180,2898,81671
AAAA381,BA545,27/04/2023,Cancelled,183,1746,40262
AAAA382,BA1716,10/02/2023,Completed,70,972,40512
AAAA383,BA1394,10/04/2023,Completed,135,0,73759
AAAA384,BA1371,30/05/2023,Completed,148,1566,33112
AAAA385,BA2341,11/02/2023,Completed,4,1674,10300
AAAA386,BA504,20/01/2023,Cancelled,105,0,43412
AAAA387,BA1388,08/05/2023,Completed,0,2430,40512
AAAA388,BA2342,15/02/2023,Completed,50,3060,43559
AAAA389,BA1516,03/02/2023,Scheduled,84,0,25400
AAAA390,BA886,04/02/2023,Cancelled,65,1800,43412
AAAA391,BA608,17/03/2023,Cancelled,0,0,23000
AAAA392,BA1700,19/05/2023,Completed,0,4986,17368
AAAA393,BA2000,20/01/2023,Scheduled,135,6768,43253
AAAA394,BA504,15/01/2023,Cancelled,122,1566,10450
AAAA395,BA949,18/01/2023,Scheduled,97,2088,43700
AAAA396,BA2008,13/04/2023,Cancelled,101,4986,43606
AAAA397,BA2001,14/02/2023,Completed,68,1728,0
AAAA398,BA2007,23/01/2023,Completed,106,2430,0
AAAA399,BA545,11/06/2023,Cancelled,189,1566,25400
AAAA400,BA1744,13/03/2023,Completed,95,1620,38500
AAAA401,BA1716,05/03/2023,Cancelled,152,3384,79313
AAAA402,BA2002,23/03/2023,Scheduled,96,1746,68612
AAAA403,BA1723,30/05/2023,Scheduled,0,2376,10450
AAAA404,BA543,23/02/2023,Completed,97,0,464
AAAA405,BA1371,19/03/2023,Cancelled,113,2430,175471
AAAA406,BA1700,06/04/2023,Scheduled,65,1692,16456
AAAA407,BA1723,01/01/2023,Completed,189,1764,31288
AAAA408,BA1774,01/02/2023,Scheduled,93,1386,16456
AAAA409,BA545,06/04/2023,Cancelled,145,0,48765
AAAA410,BA1739,11/06/2023,Scheduled,0,1584,10559
AAAA411,BA1516,01/03/2023,Completed,89,2430,17268
AAAA412,BA1388,08/01/2023,Completed,94,1116,175471
AAAA413,BA1744,07/06/2023,Cancelled,183,72,100
AAAA414,BA2351,24/02/2023,Scheduled,170,828,14353
AAAA415,BA1997,10/01/2023,Cancelled,98,4752,30854
AAAA416,BA1390,23/01/2023,Completed,152,2430,40512
AAAA417,BA2349,17/01/2023,Cancelled,0,1728,33644
AAAA418,BA1399,06/03/2023,Cancelled,130,1620,48765
AAAA419,BA505,23/01/2023,Cancelled,27,1674,45753
AAAA420,BA721,07/04/2023,Scheduled,93,1386,3800
AAAA421,BA1775,13/03/2023,Cancelled,71,2160,19856
AAAA422,BA721,08/02/2023,Completed,27,1926,0
AAAA423,BA1774,27/02/2023,Cancelled,99,0,103747
AAAA424,BA1310,31/05/2023,Cancelled,0,1620,40262
AAAA425,BA1516,27/05/2023,Cancelled,138,0,61353
AAAA426,BA1374,11/03/2023,Scheduled,94,1908,9916
AAAA427,BA1712,01/05/2023,Cancelled,107,864,48765
AAAA428,BA1700,03/04/2023,Scheduled,99,1800,45753
AAAA429,BA2355,23/03/2023,Completed,27,2610,7750
AAAA430,BA1379,19/04/2023,Completed,0,0,57092
AAAA431,BA2354,25/05/2023,Scheduled,159,1764,100
AAAA432,BA504,14/01/2023,Scheduled,189,3060,45455
AAAA433,BA2338,26/02/2023,Scheduled,105,2898,10900
AAAA434,BA893,22/02/2023,Cancelled,0,648,43700
AAAA435,BA1774,30/01/2023,Scheduled,99,4752,23000
AAAA436,BA1398,14/03/2023,Cancelled,106,0,38500
AAAA437,BA1394,12/02/2023,Completed,191,1782,0
AAAA438,BA1398,08/02/2023,Cancelled,74,4986,43253
AAAA439,BA504,02/02/2023,Scheduled,77,0,163403
AAAA440,BA905,20/04/2023,Cancelled,105,2484,5900
AAAA441,BA1388,17/05/2023,Completed,122,0,87013
AAAA442,BA1371,22/04/2023,Scheduled,120,2286,2950
AAAA443,BA1787,19/05/2023,Completed,73,72,13803
AAAA444,BA2355,31/05/2023,Cancelled,135,1728,79313
AAAA445,BA1722,26/04/2023,Scheduled,189,972,15158
AAAA446,BA505,31/05/2023,Scheduled,98,1260,46006
AAAA447,BA1730,27/04/2023,Scheduled,152,1386,129263
AAAA448,BA505,13/04/2023,Cancelled,71,0,38500
AAAA449,BA721,05/06/2023,Scheduled,27,1764,7750
AAAA450,BA1716,02/02/2023,Cancelled,0,1692,10559
AAAA451,BA891,24/01/2023,Cancelled,145,1332,14700
AAAA452,BA2000,18/04/2023,Completed,0,972,14700
AAAA453,BA1526,25/01/2023,Cancelled,54,0,78708
AAAA454,BA1730,02/03/2023,Scheduled,97,18,464
AAAA455,BA1702,17/03/2023,Cancelled,97,1782,38500
AAAA456,BA1395,03/05/2023,Cancelled,0,0,163403
AAAA457,BA1398,13/03/2023,Scheduled,88,1116,59002
AAAA458,BA1748,12/06/2023,Cancelled,326,0,0
AAAA459,BA1382,26/04/2023,Cancelled,99,2484,40706
AAAA460,BA1729,07/06/2023,Cancelled,98,6696,30854
AAAA461,BA894,13/05/2023,Cancelled,84,2916,33259
AAAA462,BA1729,02/03/2023,Scheduled,0,2088,29995
AAAA463,BA1538,08/01/2023,Completed,101,972,14353
AAAA464,BA1753,06/03/2023,Cancelled,90,0,0
AAAA465,BA955,29/03/2023,Cancelled,0,0,17368
AAAA466,BA955,05/04/2023,Scheduled,54,828,13803
AAAA467,BA2000,15/06/2023,Cancelled,46,486,13803
AAAA468,BA891,30/04/2023,Scheduled,0,0,43259
AAAA469,BA1702,19/01/2023,Scheduled,0,1890,48700
AAAA470,BA933,21/04/2023,Completed,50,1386,100
AAAA471,BA1716,10/06/2023,Completed,116,414,175471
AAAA472,BA1381,13/05/2023,Scheduled,277,2430,175471
AAAA473,BA1729,19/05/2023,Scheduled,0,1566,33259
AAAA474,BA1702,02/06/2023,Cancelled,50,6714,0
AAAA475,BA545,19/04/2023,Scheduled,145,828,11456
AAAA476,BA2359,26/05/2023,Cancelled,116,1566,78708
AAAA477,BA2341,20/04/2023,Completed,74,1908,43253
AAAA478,BA1744,11/03/2023,Completed,65,1116,0
AAAA479,BA2359,04/03/2023,Scheduled,90,3132,43700
AAAA480,BA2007,01/01/2023,Scheduled,97,4752,33644
AAAA481,BA1729,01/03/2023,Scheduled,191,0,17368
AAAA482,BA1517,18/01/2023,Scheduled,27,900,43700
AAAA483,BA1729,02/01/2023,Completed,62,0,15962
AAAA484,BA894,19/01/2023,Scheduled,84,648,33259
AAAA485,BA1399,19/04/2023,Scheduled,107,0,73759
AAAA486,BA1371,22/02/2023,Completed,68,1764,45900
AAAA487,BA1738,08/03/2023,Completed,99,6768,5203
AAAA488,BA907,14/04/2023,Completed,73,2610,175471
AAAA489,BA2004,22/01/2023,Scheduled,81,648,43559
AAAA490,BA2342,04/02/2023,Scheduled,77,1692,10559
AAAA491,BA1706,09/03/2023,Scheduled,93,3402,31288
AAAA492,BA1774,30/03/2023,Cancelled,1,6696,40512
AAAA493,BA2354,29/01/2023,Cancelled,373,1674,0
AAAA494,BA1390,23/05/2023,Completed,77,4986,68612
AAAA495,BA1395,06/02/2023,Scheduled,0,6768,0
AAAA496,BA2351,13/06/2023,Scheduled,148,1278,0
AAAA497,BA499,20/03/2023,Scheduled,98,2430,40512
AAAA498,BA1379,02/06/2023,Scheduled,373,1224,29995
AAAA499,BA1379,05/04/2023,Cancelled,94,2430,464
AAAA500,BA1378,08/05/2023,Scheduled,159,1782,7750
AAAA501,BA545,01/01/2023,Cancelled,88,2430,46006
AAAA502,BA1752,19/03/2023,Cancelled,85,1602,10550
AAAA503,BA1517,19/04/2023,Cancelled,135,1278,40859
AAAA504,BA955,02/03/2023,Scheduled,138,6768,43412
AAAA505,BA1510,14/06/2023,Cancelled,0,1314,78708
AAAA506,BA893,14/04/2023,Cancelled,372,864,73759
AAAA507,BA1510,14/05/2023,Cancelled,99,1818,7950
AAAA508,BA2005,26/02/2023,Scheduled,130,2934,59002
AAAA509,BA1378,10/03/2023,Scheduled,127,1764,18503
AAAA510,BA2002,04/03/2023,Completed,0,0,9800
AAAA511,BA933,03/01/2023,Cancelled,1,3294,45900
AAAA512,BA1702,05/03/2023,Scheduled,0,828,14700
AAAA513,BA948,07/05/2023,Cancelled,0,2376,33259
AAAA514,BA1723,25/01/2023,Completed,27,1116,12556
AAAA515,BA1517,04/01/2023,Cancelled,191,2430,30854
AAAA516,BA1762,05/04/2023,Scheduled,95,1746,81671
AAAA517,BA1444,03/03/2023,Scheduled,85,1746,14353
AAAA518,BA542,22/03/2023,Cancelled,54,2916,17268
AAAA519,BA2005,25/02/2023,Cancelled,35,2376,30854
AAAA520,BA1748,28/04/2023,Scheduled,191,2034,40859
AAAA521,BA1787,22/02/2023,Completed,326,2430,17268
AAAA522,BA1516,03/03/2023,Completed,174,1800,29995
AAAA523,BA1534,11/05/2023,Cancelled,0,1242,48765
AAAA524,BA1748,17/02/2023,Completed,113,1242,46006
AAAA525,BA1762,12/01/2023,Cancelled,0,1620,464
AAAA526,BA1775,20/04/2023,Completed,48,0,16456
AAAA527,BA955,28/02/2023,Cancelled,93,1746,40706
AAAA528,BA1705,23/04/2023,Scheduled,93,3132,0
AAAA529,BA1379,07/03/2023,Cancelled,154,2340,10550
AAAA530,BA2001,22/02/2023,Cancelled,135,1692,45455
AAAA531,BA2007,25/05/2023,Scheduled,90,1620,2950
AAAA532,BA1390,05/01/2023,Cancelled,54,1386,33259
AAAA533,BA1538,20/04/2023,Completed,4,2376,14353
AAAA534,BA1526,14/01/2023,Completed,189,2772,18503
AAAA535,BA1394,17/05/2023,Cancelled,0,1314,45753
AAAA536,BA1379,01/04/2023,Scheduled,93,0,14465
AAAA537,BA1700,04/04/2023,Scheduled,0,2484,33112
AAAA538,BA1730,03/04/2023,Scheduled,23,1512,3900
AAAA539,BA2004,05/01/2023,Scheduled,99,1764,14465
AAAA540,BA2341,05/04/2023,Scheduled,95,1584,2950
AAAA541,BA948,14/04/2023,Completed,97,1746,16867
AAAA542,BA1526,25/04/2023,Completed,98,0,23000
AAAA543,BA949,15/06/2023,Scheduled,0,6768,0
AAAA544,BA1712,26/02/2023,Scheduled,113,1602,18503
AAAA545,BA1712,26/01/2023,Cancelled,138,1242,11456
AAAA546,BA935,12/06/2023,Cancelled,93,1926,0
AAAA547,BA2000,12/06/2023,Cancelled,0,2430,25400
AAAA548,BA2359,05/06/2023,Cancelled,56,72,464
AAAA549,BA2000,04/02/2023,Scheduled,88,1746,31288
AAAA550,BA1395,23/05/2023,Cancelled,97,1566,10559
AAAA551,BA1753,06/03/2023,Cancelled,174,1674,0
AAAA552,BA1706,14/04/2023,Scheduled,89,2430,61623
AAAA553,BA2002,30/01/2023,Scheduled,105,2484,0
AAAA554,BA1387,30/01/2023,Cancelled,77,2376,18447
AAAA555,BA2007,13/05/2023,Scheduled,135,2916,61353
AAAA556,BA1381,19/02/2023,Cancelled,277,0,68612
AAAA557,BA1743,09/05/2023,Scheduled,326,2862,31288
AAAA558,BA1374,26/04/2023,Scheduled,96,0,163403
AAAA559,BA505,01/02/2023,Cancelled,188,414,3900
AAAA560,BA893,19/04/2023,Cancelled,74,3060,163403
AAAA561,BA2001,17/01/2023,Completed,373,1746,0
AAAA562,BA1744,30/01/2023,Cancelled,189,0,14700
AAAA563,BA1723,02/02/2023,Scheduled,135,1692,10056
AAAA564,BA1702,18/02/2023,Completed,62,2430,30706
AAAA565,BA2342,08/01/2023,Completed,99,2160,33259
AAAA566,BA1712,13/05/2023,Scheduled,54,0,17368
AAAA567,BA893,25/05/2023,Completed,138,1908,0
AAAA568,BA2342,19/04/2023,Scheduled,73,1278,23000
AAAA569,BA1707,22/04/2023,Completed,0,3438,175471
AAAA570,BA907,21/01/2023,Completed,77,1386,48765
AAAA571,BA1401,17/03/2023,Scheduled,36,1332,40512
AAAA572,BA1378,10/05/2023,Scheduled,65,1170,9916
AAAA573,BA1381,12/04/2023,Cancelled,97,1674,0
AAAA574,BA1382,09/02/2023,Scheduled,87,1458,5203
AAAA575,BA1310,23/05/2023,Completed,100,1332,46006
AAAA576,BA1997,14/02/2023,Cancelled,132,1746,10559
AAAA577,BA1712,01/02/2023,Completed,148,2430,16456
AAAA578,BA955,27/01/2023,Scheduled,106,4752,29995
AAAA579,BA1730,29/05/2023,Cancelled,27,2430,12556
AAAA580,BA1700,12/01/2023,Completed,191,1386,33259
AAAA581,BA1702,21/01/2023,Completed,163,414,61353
AAAA582,BA544,18/01/2023,Scheduled,161,0,14353
AAAA583,BA1379,12/03/2023,Scheduled,88,1764,0
AAAA584,BA1510,07/03/2023,Cancelled,189,0,10550
AAAA585,BA893,21/05/2023,Completed,74,1746,11215
AAAA586,BA1775,02/05/2023,Completed,100,1782,10300
AAAA587,BA1705,03/02/2023,Scheduled,50,3060,43259
AAAA588,BA1706,11/06/2023,Scheduled,56,1620,23000
AAAA589,BA1526,12/01/2023,Completed,62,2664,18503
AAAA590,BA2351,13/06/2023,Completed,93,1170,33259
AAAA591,BA1774,07/01/2023,Completed,376,2196,7750
AAAA592,BA1510,04/06/2023,Completed,88,972,73759
AAAA593,BA1997,30/01/2023,Cancelled,0,2736,0
AAAA594,BA1729,27/05/2023,Completed,0,1602,464
AAAA595,BA2343,01/01/2023,Cancelled,107,3240,79313
AAAA596,BA1388,11/03/2023,Cancelled,0,0,0
AAAA597,BA1517,13/01/2023,Completed,89,2376,31288
AAAA598,BA1762,04/01/2023,Scheduled,73,1782,9453
AAAA599,BA1517,23/05/2023,Cancelled,77,414,73759
AAAA600,BA1398,02/02/2023,Completed,87,0,15158
AAAA601,BA1517,07/04/2023,Completed,50,414,129263
AAAA602,BA1381,06/03/2023,Completed,0,3132,0
AAAA603,BA1526,21/03/2023,Scheduled,69,1746,0
AAAA604,BA886,13/03/2023,Scheduled,48,1116,28106
AAAA605,BA504,17/01/2023,Scheduled,159,1728,38500
AAAA606,BA1379,17/04/2023,Cancelled,326,4986,30854
AAAA607,BA1387,01/02/2023,Scheduled,107,1332,40512
AAAA608,BA1538,12/06/2023,Completed,107,972,12966
AAAA609,BA1371,23/03/2023,Completed,27,1782,10303
AAAA610,BA542,14/05/2023,Scheduled,376,0,33644
AAAA611,BA1738,05/06/2023,Completed,105,1530,9916
AAAA612,BA499,10/04/2023,Cancelled,98,1674,103747
AAAA613,BA935,11/06/2023,Completed,27,1746,9653
AAAA614,BA1394,13/06/2023,Completed,84,0,38500
AAAA615,BA2354,14/06/2023,Cancelled,69,1818,43253
AAAA616,BA1388,02/04/2023,Completed,159,1764,11215
AAAA617,BA1738,15/05/2023,Cancelled,1,6714,10056
AAAA618,BA1310,18/04/2023,Cancelled,62,2484,14700
AAAA619,BA1399,06/04/2023,Cancelled,0,4986,40262
AAAA620,BA1787,16/03/2023,Scheduled,0,972,40706
AAAA621,BA545,23/01/2023,Scheduled,65,1746,0
AAAA622,BA1397,01/04/2023,Cancelled,77,3402,30706
AAAA623,BA1390,13/05/2023,Completed,0,1746,10303
AAAA624,BA2342,10/01/2023,Completed,90,3240,46006
AAAA625,BA1399,12/03/2023,Completed,81,1008,163403
AAAA626,BA1762,19/03/2023,Scheduled,81,1728,17368
AAAA627,BA1374,11/06/2023,Completed,122,2088,68612
AAAA628,BA1705,27/02/2023,Completed,135,2916,0
AAAA629,BA1388,06/04/2023,Scheduled,376,1764,43253
AAAA630,BA1753,06/05/2023,Scheduled,188,828,40262
AAAA631,BA2341,15/04/2023,Scheduled,163,1512,5203
AAAA632,BA907,17/01/2023,Scheduled,277,1458,48700
AAAA633,BA1738,22/01/2023,Cancelled,138,900,20600
AAAA634,BA1379,06/03/2023,Cancelled,135,1710,3900
AAAA635,BA1382,31/05/2023,Scheduled,376,3438,3800
AAAA636,BA2005,05/05/2023,Completed,0,1530,0
AAAA637,BA1510,12/02/2023,Scheduled,62,1746,10300
AAAA638,BA1730,05/03/2023,Completed,46,4986,5900
AAAA639,BA1709,12/05/2023,Cancelled,152,486,7650
AAAA640,BA1399,27/03/2023,Cancelled,68,5868,38353
AAAA641,BA1374,05/02/2023,Completed,162,1890,1594
AAAA642,BA2338,04/03/2023,Cancelled,159,1764,59002
AAAA643,BA949,11/04/2023,Scheduled,62,1782,40859
AAAA644,BA504,10/01/2023,Completed,48,0,0
AAAA645,BA2000,09/04/2023,Cancelled,0,1782,14353
AAAA646,BA1762,05/06/2023,Scheduled,183,972,0
AAAA647,BA1444,05/04/2023,Cancelled,97,1620,7950
AAAA648,BA1739,04/04/2023,Scheduled,68,0,12966
AAAA649,BA1739,22/03/2023,Scheduled,93,1710,19856
AAAA650,BA2002,23/03/2023,Scheduled,81,2610,0
AAAA651,BA1705,31/03/2023,Completed,90,1764,59002
AAAA652,BA1377,15/02/2023,Cancelled,0,1566,43559
AAAA653,BA1709,24/04/2023,Completed,132,2664,10303
AAAA654,BA1762,13/04/2023,Cancelled,0,486,6053
AAAA655,BA2008,16/02/2023,Scheduled,326,1224,25400
AAAA656,BA1526,13/01/2023,Cancelled,90,1674,57092
AAAA657,BA1379,30/03/2023,Completed,162,1818,1594
AAAA658,BA1379,14/04/2023,Completed,94,3060,23000
AAAA659,BA1700,21/02/2023,Scheduled,0,1566,48765
AAAA660,BA894,20/02/2023,Scheduled,73,2934,175471
AAAA661,BA1752,20/03/2023,Scheduled,0,1692,175471
AAAA662,BA504,03/03/2023,Completed,135,1278,38353
AAAA663,BA504,30/01/2023,Cancelled,71,486,0
AAAA664,BA542,12/02/2023,Scheduled,0,6696,63659
AAAA665,BA1739,29/03/2023,Completed,132,1116,12966
AAAA666,BA1397,13/04/2023,Cancelled,0,1764,0
AAAA667,BA1709,24/02/2023,Cancelled,189,0,73759
AAAA668,BA545,06/04/2023,Completed,116,3384,17268
AAAA669,BA1738,08/06/2023,Completed,101,1008,23000
AAAA670,BA2359,12/01/2023,Cancelled,99,1566,18447
AAAA671,BA1379,19/01/2023,Cancelled,95,2340,38500
AAAA672,BA1534,05/02/2023,Completed,84,1008,0
AAAA673,BA1739,17/05/2023,Completed,27,1332,0
AAAA674,BA894,19/05/2023,Cancelled,98,1278,18447
AAAA675,BA2000,08/02/2023,Completed,95,2898,7650
AAAA676,BA1397,10/02/2023,Completed,180,1728,0
AAAA677,BA544,24/01/2023,Scheduled,71,1386,0
AAAA678,BA1390,15/06/2023,Completed,1,1314,61623
AAAA679,BA1371,08/01/2023,Cancelled,56,2862,45753
AAAA680,BA2001,16/03/2023,Scheduled,87,3060,29995
AAAA681,BA1517,18/01/2023,Scheduled,0,2916,87013
AAAA682,BA1729,11/03/2023,Completed,135,2430,46006
AAAA683,BA1538,21/02/2023,Scheduled,188,1314,25400
AAAA684,BA891,22/02/2023,Completed,23,3294,9453
AAAA685,BA1752,06/03/2023,Completed,0,1242,29995
AAAA686,BA2359,16/01/2023,Scheduled,98,18,43412
AAAA687,BA2006,02/05/2023,Cancelled,97,3438,33644
AAAA688,BA1739,02/05/2023,Cancelled,97,18,6750
AAAA689,BA1388,03/01/2023,Scheduled,0,3294,43253
AAAA690,BA2349,29/05/2023,Completed,50,1620,38500
AAAA691,BA1388,02/03/2023,Scheduled,183,1278,18503
AAAA692,BA2008,22/02/2023,Completed,264,900,68612
AAAA693,BA922,18/02/2023,Completed,376,1746,10550
AAAA694,BA1716,08/04/2023,Cancelled,372,0,68612
AAAA695,BA2342,04/02/2023,Completed,154,1170,10900
AAAA696,BA2343,17/02/2023,Scheduled,27,3132,30854
AAAA697,BA544,24/02/2023,Scheduled,84,1692,0
AAAA698,BA1700,24/05/2023,Completed,97,0,7650
AAAA699,BA1748,06/05/2023,Scheduled,162,1314,8400
AAAA700,BA1381,01/03/2023,Completed,163,1170,103747
AAAA701,BA2006,20/02/2023,Completed,97,414,3900
AAAA702,BA2004,05/01/2023,Completed,105,2430,0
AAAA703,BA1743,28/05/2023,Cancelled,170,486,78708
AAAA704,BA907,14/01/2023,Scheduled,98,4752,0
AAAA705,BA1752,28/01/2023,Scheduled,120,0,73759
AAAA706,BA1379,05/06/2023,Scheduled,4,3060,43253
AAAA707,BA1510,14/04/2023,Scheduled,54,1782,40512
AAAA708,BA1730,18/05/2023,Cancelled,87,2196,20600
AAAA709,BA2002,22/04/2023,Cancelled,90,2286,0
AAAA710,BA1382,29/05/2023,Cancelled,35,0,45455
AAAA711,BA1381,12/03/2023,Completed,84,1278,45900
AAAA712,BA2359,20/04/2023,Completed,48,1782,81671
AAAA713,BA1397,21/05/2023,Scheduled,161,0,17368
AAAA714,BA1739,14/01/2023,Cancelled,326,2430,0
AAAA715,BA631,13/03/2023,Cancelled,54,1674,6750
AAAA716,BA893,06/06/2023,Cancelled,0,1692,0
AAAA717,BA949,23/03/2023,Completed,101,1530,18447
AAAA718,BA1712,01/02/2023,Scheduled,94,3402,6750
AAAA719,BA505,13/04/2023,Scheduled,0,1818,43253
AAAA720,BA2351,31/05/2023,Scheduled,0,0,79313
AAAA721,BA1997,06/03/2023,Scheduled,90,0,61623
AAAA722,BA2351,25/01/2023,Scheduled,135,2196,63659
AAAA723,BA2338,08/03/2023,Scheduled,71,2286,59002
AAAA724,BA1771,30/05/2023,Scheduled,65,3402,48765
AAAA725,BA1374,21/05/2023,Scheduled,46,3402,51112
AAAA726,BA905,03/05/2023,Scheduled,99,1242,0
AAAA727,BA2355,05/01/2023,Scheduled,84,1242,14465
AAAA728,BA1775,30/03/2023,Scheduled,93,0,10450
AAAA729,BA1538,22/04/2023,Cancelled,99,1674,29995
AAAA730,BA955,03/02/2023,Scheduled,135,3240,10303
AAAA731,BA1762,27/03/2023,Cancelled,85,2430,68612
AAAA732,BA1379,22/03/2023,Cancelled,95,3384,43700
AAAA733,BA1371,11/03/2023,Scheduled,105,0,29995
AAAA734,BA1374,19/01/2023,Completed,135,1890,0
AAAA735,BA1526,14/01/2023,Cancelled,77,1224,14465
AAAA736,BA2002,21/02/2023,Cancelled,36,1278,0
AAAA737,BA894,10/05/2023,Completed,145,1692,63659
AAAA738,BA1707,20/05/2023,Scheduled,106,2736,10300
AAAA739,BA1738,04/01/2023,Scheduled,71,630,6750
AAAA740,BA1752,05/02/2023,Cancelled,99,1800,17268
AAAA741,BA2001,15/06/2023,Scheduled,95,1746,18447
AAAA742,BA1775,15/03/2023,Cancelled,54,630,18503
AAAA743,BA1752,19/05/2023,Cancelled,0,630,78708
AAAA744,BA631,12/02/2023,Scheduled,148,1116,48700
AAAA745,BA545,31/01/2023,Completed,277,3384,163403
AAAA746,BA2001,12/05/2023,Completed,97,2736,40706
AAAA747,BA721,08/05/2023,Completed,0,0,15962
AAAA748,BA955,16/03/2023,Scheduled,97,2934,19856
AAAA749,BA1743,03/05/2023,Scheduled,35,2430,16456
AAAA750,BA948,08/03/2023,Scheduled,277,3294,38100
AAAA751,BA922,24/04/2023,Scheduled,100,2430,23000
AAAA752,BA1377,25/02/2023,Completed,0,3132,7650
AAAA753,BA1516,10/04/2023,Completed,0,1692,0
AAAA754,BA2007,21/02/2023,Completed,68,1620,48765
AAAA755,BA1775,26/04/2023,Completed,96,1620,163403
AAAA756,BA2007,20/01/2023,Cancelled,62,0,87013
AAAA757,BA1394,04/02/2023,Completed,77,2610,0
AAAA758,BA1401,12/02/2023,Scheduled,87,1692,38500
AAAA759,BA2001,16/04/2023,Cancelled,88,2610,61623
AAAA760,BA1722,01/03/2023,Cancelled,0,1674,10056
AAAA761,BA935,07/05/2023,Scheduled,97,2430,15962
AAAA762,BA2005,16/02/2023,Completed,148,1890,38353
AAAA763,BA1388,28/02/2023,Completed,180,18,0
AAAA764,BA1382,18/05/2023,Completed,0,2772,7750
AAAA765,BA2000,19/03/2023,Completed,90,1584,61353
AAAA766,BA2005,07/05/2023,Completed,191,972,2950
AAAA767,BA886,05/01/2023,Completed,81,1566,2950
AAAA768,BA1517,28/01/2023,Scheduled,170,972,0
AAAA769,BA1709,16/03/2023,Scheduled,113,1620,40859
AAAA770,BA1702,13/06/2023,Cancelled,154,1278,0
AAAA771,BA1444,23/02/2023,Cancelled,138,1602,0
AAAA772,BA2355,15/04/2023,Cancelled,148,864,9800
AAAA773,BA1707,05/05/2023,Completed,99,2430,81671
AAAA774,BA1398,24/01/2023,Completed,0,0,163403
AAAA775,BA2006,02/05/2023,Scheduled,101,972,16867
AAAA776,BA894,17/02/2023,Completed,0,2430,61623
AAAA777,BA2007,26/03/2023,Cancelled,90,1260,18447
AAAA778,BA893,05/06/2023,Cancelled,87,2088,1594
AAAA779,BA1709,16/05/2023,Scheduled,97,5868,20600
AAAA780,BA504,30/04/2023,Completed,127,0,45455
AAAA781,BA1526,27/03/2023,Cancelled,54,0,73759
AAAA782,BA2006,24/04/2023,Cancelled,148,1782,0
AAAA783,BA1399,04/02/2023,Scheduled,122,648,450
AAAA784,BA2355,05/04/2023,Cancelled,170,2610,40859
AAAA785,BA1395,29/04/2023,Scheduled,135,72,163403
AAAA786,BA1382,25/02/2023,Cancelled,132,2898,38100
AAAA787,BA955,23/05/2023,Cancelled,326,1764,0
AAAA788,BA1739,02/05/2023,Completed,23,1332,14465
AAAA789,BA1771,30/05/2023,Completed,180,972,18447
AAAA790,BA2001,18/03/2023,Cancelled,0,1620,464
AAAA791,BA1534,10/01/2023,Completed,189,2736,43700
AAAA792,BA2359,17/04/2023,Scheduled,54,648,63659
AAAA793,BA1399,17/04/2023,Cancelled,89,6714,0
AAAA794,BA2001,26/05/2023,Completed,96,2196,100
AAAA795,BA542,22/05/2023,Completed,127,1710,68612
AAAA796,BA2341,28/03/2023,Cancelled,376,1458,45455
AAAA797,BA1444,29/05/2023,Scheduled,122,2862,12966
AAAA798,BA2002,20/02/2023,Completed,46,1530,38353
AAAA799,BA2342,23/05/2023,Completed,162,5868,57092
AAAA800,BA1762,07/01/2023,Cancelled,94,0,57092
AAAA801,BA894,15/06/2023,Scheduled,81,0,31288
AAAA802,BA894,21/01/2023,Cancelled,373,1728,129263
AAAA803,BA1729,24/03/2023,Cancelled,54,0,79313
AAAA804,BA1398,29/03/2023,Scheduled,0,2034,57092
AAAA805,BA1730,01/05/2023,Scheduled,188,2340,46006
AAAA806,BA1379,17/01/2023,Completed,120,1710,175471
AAAA807,BA2006,04/03/2023,Scheduled,71,1746,19856
AAAA808,BA1739,08/03/2023,Completed,373,1116,68612
AAAA809,BA1748,01/01/2023,Cancelled,113,1332,38353
AAAA810,BA1401,13/04/2023,Cancelled,73,3240,30854
AAAA811,BA891,28/01/2023,Scheduled,373,900,9916
AAAA812,BA1516,28/01/2023,Cancelled,372,72,3900
AAAA813,BA948,09/02/2023,Completed,135,2772,25400
AAAA814,BA894,29/05/2023,Completed,0,1008,29995
AAAA815,BA1526,08/04/2023,Cancelled,180,2610,51112
AAAA816,BA1771,28/01/2023,Scheduled,376,1242,45753
AAAA817,BA1716,20/05/2023,Completed,277,2286,40512
AAAA818,BA907,06/03/2023,Scheduled,89,1332,6053
AAAA819,BA1716,07/03/2023,Cancelled,132,1728,0
AAAA820,BA886,07/05/2023,Scheduled,148,1728,38100
AAAA821,BA2008,07/03/2023,Completed,0,1458,16867
AAAA822,BA1374,25/03/2023,Cancelled,135,414,43412
AAAA823,BA543,14/06/2023,Scheduled,93,2484,30854
AAAA824,BA1729,02/04/2023,Scheduled,0,2430,73759
AAAA825,BA1399,30/01/2023,Completed,127,1620,45753
AAAA826,BA1444,18/04/2023,Cancelled,90,630,10559
AAAA827,BA1723,11/01/2023,Completed,88,0,175471
AAAA828,BA1997,05/01/2023,Completed,0,486,9800
AAAA829,BA1516,03/01/2023,Scheduled,120,1242,40262
AAAA830,BA1709,01/04/2023,Completed,97,3294,175471
AAAA831,BA1753,28/01/2023,Cancelled,152,3294,0
AAAA832,BA2359,07/05/2023,Scheduled,97,2898,40512
AAAA833,BA1702,02/03/2023,Scheduled,107,1710,100
AAAA834,BA2354,01/05/2023,Scheduled,135,2376,0
AAAA835,BA1534,17/02/2023,Scheduled,100,1764,10300
AAAA836,BA922,27/01/2023,Completed,89,1224,10559
AAAA837,BA886,21/03/2023,Completed,35,828,15158
AAAA838,BA2006,19/01/2023,Completed,100,1602,129263
AAAA839,BA608,08/04/2023,Cancelled,81,1746,0
AAAA840,BA1702,10/05/2023,Cancelled,87,1782,7750
AAAA841,BA2359,08/05/2023,Cancelled,0,1278,9653
AAAA842,BA2351,04/04/2023,Cancelled,372,2034,31288
AAAA843,BA1702,14/02/2023,Completed,65,1566,7750
AAAA844,BA545,27/05/2023,Scheduled,326,1566,79313
AAAA845,BA542,06/01/2023,Completed,148,1926,10550
AAAA846,BA2008,22/03/2023,Scheduled,189,0,48700
AAAA847,BA1526,16/01/2023,Completed,99,972,16867
AAAA848,BA542,25/01/2023,Cancelled,372,1242,38100
AAAA849,BA907,20/02/2023,Completed,135,1674,11456
AAAA850,BA1775,03/03/2023,Completed,105,3132,2950
AAAA851,BA504,31/03/2023,Completed,0,2898,63659
AAAA852,BA1401,28/01/2023,Cancelled,95,1566,10550
AAAA853,BA631,12/05/2023,Completed,101,2034,25400
AAAA854,BA1516,22/04/2023,Cancelled,93,2862,1594
AAAA855,BA891,11/04/2023,Scheduled,174,972,18503
AAAA856,BA1381,03/04/2023,Completed,107,0,33112
AAAA857,BA1712,15/02/2023,Completed,93,2034,0
AAAA858,BA1762,01/02/2023,Completed,174,0,12966
AAAA859,BA891,01/03/2023,Scheduled,97,630,175471
AAAA860,BA543,16/03/2023,Completed,100,2862,0
AAAA861,BA905,30/04/2023,Completed,4,1746,45455
AAAA862,BA1377,05/04/2023,Cancelled,77,1890,19856
AAAA863,BA1729,02/06/2023,Completed,130,3240,10450
AAAA864,BA2338,05/02/2023,Cancelled,90,1728,10450
AAAA865,BA505,28/05/2023,Cancelled,85,3438,43412
AAAA866,BA1712,31/03/2023,Cancelled,130,0,10559
AAAA867,BA1534,30/01/2023,Cancelled,145,2430,103747
AAAA868,BA1378,17/03/2023,Scheduled,0,0,5203
AAAA869,BA1310,27/01/2023,Scheduled,148,1674,10900
AAAA870,BA544,09/01/2023,Scheduled,88,2430,1594
AAAA871,BA505,25/04/2023,Completed,120,1692,6053
AAAA872,BA2349,12/02/2023,Scheduled,373,2916,45900
AAAA873,BA2007,26/01/2023,Completed,90,1224,18447
AAAA874,BA1538,20/02/2023,Scheduled,65,1764,5203
AAAA875,BA1753,18/03/2023,Cancelled,122,2286,8400
AAAA876,BA721,14/01/2023,Completed,0,2034,29995
AAAA877,BA1707,09/04/2023,Completed,90,2286,57092
AAAA878,BA2007,12/03/2023,Cancelled,0,0,129263
AAAA879,BA1771,05/06/2023,Scheduled,180,1602,11215
AAAA880,BA1722,26/04/2023,Scheduled,105,18,0
AAAA881,BA1534,18/01/2023,Completed,81,0,43253
AAAA882,BA1729,09/04/2023,Completed,96,1746,2950
AAAA883,BA1377,22/02/2023,Cancelled,36,1566,0
AAAA884,BA2349,24/05/2023,Scheduled,77,2034,0
AAAA885,BA1382,12/05/2023,Cancelled,132,1566,7950
AAAA886,BA544,23/05/2023,Completed,0,1620,9653
AAAA887,BA631,25/04/2023,Cancelled,96,630,10450
AAAA888,BA2359,27/04/2023,Scheduled,135,2430,63659
AAAA889,BA1771,09/03/2023,Scheduled,65,1818,48765
AAAA890,BA1712,21/02/2023,Scheduled,48,3060,10550
AAAA891,BA1730,09/04/2023,Scheduled,0,0,0
AAAA892,BA1538,05/01/2023,Scheduled,94,0,45455
AAAA893,BA1762,02/04/2023,Scheduled,77,2664,7750
AAAA894,BA2008,11/05/2023,Cancelled,96,2286,18447
AAAA895,BA505,15/04/2023,Completed,54,2736,0
AAAA896,BA545,25/01/2023,Scheduled,127,6714,43412
AAAA897,BA505,25/05/2023,Scheduled,99,2286,0
AAAA898,BA1398,16/03/2023,Completed,74,2430,43559
AAAA899,BA1397,04/04/2023,Completed,0,0,11215
AAAA900,BA1730,21/01/2023,Scheduled,93,972,8400
AAAA901,BA1517,07/04/2023,Cancelled,113,2088,175471
AAAA902,BA2351,28/03/2023,Completed,95,4986,33259
AAAA903,BA1397,06/05/2023,Cancelled,132,1242,43253
AAAA904,BA1752,30/04/2023,Cancelled,106,1890,3800
AAAA905,BA1787,12/03/2023,Completed,1,1008,14353
AAAA906,BA1748,01/04/2023,Cancelled,138,1746,23000
AAAA907,BA2004,06/02/2023,Completed,62,1746,73759
AAAA908,BA907,08/05/2023,Scheduled,50,6696,29995
AAAA909,BA2341,01/03/2023,Cancelled,98,4986,18503
AAAA910,BA2355,10/03/2023,Completed,105,1602,7750
AAAA911,BA543,28/03/2023,Scheduled,81,1782,40706
AAAA912,BA1401,24/01/2023,Scheduled,188,2430,29995
AAAA913,BA2342,03/04/2023,Completed,163,1674,0
AAAA914,BA1310,11/05/2023,Cancelled,74,3060,9800
AAAA915,BA948,22/05/2023,Completed,96,2160,20600
AAAA916,BA893,08/06/2023,Cancelled,94,972,10559
AAAA917,BA1382,03/06/2023,Completed,163,0,18503
AAAA918,BA1444,21/02/2023,Cancelled,68,2430,19856
AAAA919,BA893,11/06/2023,Cancelled,264,486,48700
AAAA920,BA933,22/01/2023,Cancelled,373,1620,3900
AAAA921,BA2000,26/02/2023,Scheduled,264,1566,16456
AAAA922,BA935,01/04/2023,Scheduled,73,0,11215
AAAA923,BA1744,22/03/2023,Scheduled,77,6714,100
AAAA924,BA1538,14/06/2023,Cancelled,0,864,17368
AAAA925,BA1401,07/06/2023,Scheduled,70,0,68612
AAAA926,BA1371,15/02/2023,Cancelled,0,1764,0
AAAA927,BA2008,06/05/2023,Scheduled,98,1890,43259
AAAA928,BA504,09/02/2023,Cancelled,62,2034,19856
AAAA929,BA1762,08/03/2023,Completed,27,1746,28106
AAAA930,BA1702,03/04/2023,Scheduled,97,2664,1594
AAAA931,BA1716,04/02/2023,Cancelled,130,2430,48700
AAAA932,BA922,04/01/2023,Completed,148,2430,5203
AAAA933,BA1729,07/04/2023,Completed,71,6714,46006
AAAA934,BA1510,26/04/2023,Cancelled,264,1890,40262
AAAA935,BA1700,14/01/2023,Completed,93,414,129263
AAAA936,BA1787,03/05/2023,Cancelled,0,4986,11456
AAAA937,BA631,10/04/2023,Completed,98,1674,78708
AAAA938,BA1517,25/05/2023,Completed,106,1116,81671
AAAA939,BA1722,19/04/2023,Scheduled,77,0,57092
AAAA940,BA2359,17/04/2023,Cancelled,116,1170,5203
AAAA941,BA2001,31/05/2023,Scheduled,120,1818,43559
AAAA942,BA1510,18/02/2023,Cancelled,1,1728,129263
AAAA943,BA2355,06/01/2023,Completed,180,1710,0
AAAA944,BA1723,19/01/2023,Cancelled,0,0,33259
AAAA945,BA1516,14/02/2023,Scheduled,188,1782,87013
AAAA946,BA933,14/02/2023,Cancelled,99,2430,0
AAAA947,BA2349,11/06/2023,Completed,154,1116,129263
AAAA948,BA545,03/02/2023,Scheduled,84,486,68612
AAAA949,BA2007,13/06/2023,Completed,138,2772,10550
AAAA950,BA1706,21/04/2023,Completed,170,3132,10900
AAAA951,BA2001,05/05/2023,Cancelled,161,0,59002
AAAA952,BA1748,15/05/2023,Scheduled,101,1764,10450
AAAA953,BA1730,21/01/2023,Scheduled,87,0,450
AAAA954,BA1753,10/06/2023,Cancelled,174,1332,59002
AAAA955,BA1738,08/02/2023,Completed,113,1008,33644
AAAA956,BA1744,07/04/2023,Scheduled,0,972,17368
AAAA957,BA2355,11/05/2023,Completed,97,0,59002
AAAA958,BA1739,23/02/2023,Cancelled,90,2934,17368
AAAA959,BA1388,05/03/2023,Cancelled,120,0,9453
AAAA960,BA1388,16/03/2023,Cancelled,84,0,10559
AAAA961,BA545,03/03/2023,Cancelled,46,4752,43559
AAAA962,BA544,01/04/2023,Completed,106,2340,175471
AAAA963,BA1739,08/06/2023,Cancelled,62,1584,7650
AAAA964,BA1444,05/05/2023,Cancelled,106,1746,43253
AAAA965,BA1395,10/04/2023,Cancelled,161,1764,18503
AAAA966,BA1379,17/03/2023,Completed,135,1566,30854
AAAA967,BA2007,02/06/2023,Scheduled,100,1116,14700
AAAA968,BA2355,20/03/2023,Scheduled,162,0,464
AAAA969,BA922,07/04/2023,Cancelled,116,3294,45900
AAAA970,BA2341,09/04/2023,Completed,71,1746,45900
AAAA971,BA542,16/02/2023,Scheduled,161,1242,43253
AAAA972,BA1516,21/02/2023,Completed,48,1530,25400
AAAA973,BA1387,11/04/2023,Scheduled,161,1764,8400
AAAA974,BA1516,05/05/2023,Completed,180,3384,40262
AAAA975,BA1730,02/02/2023,Completed,145,3402,40706
AAAA976,BA2341,06/01/2023,Completed,0,2160,0
AAAA977,BA2351,14/02/2023,Scheduled,0,3060,43559
AAAA978,BA1444,21/03/2023,Completed,264,2430,43412
AAAA979,BA1739,03/01/2023,Scheduled,135,3060,9653
AAAA980,BA2351,07/05/2023,Cancelled,69,1746,9800
AAAA981,BA1444,06/05/2023,Completed,183,1224,43606
AAAA982,BA499,26/01/2023,Completed,87,2160,10056
AAAA983,BA1787,30/04/2023,Scheduled,159,1818,43253
AAAA984,BA1398,13/04/2023,Scheduled,152,1458,0
AAAA985,BA935,26/02/2023,Completed,132,3060,78708
AAAA986,BA894,03/02/2023,Scheduled,84,1674,10559
AAAA987,BA1716,11/03/2023,Cancelled,48,1116,38500
AAAA988,BA1374,27/02/2023,Cancelled,99,1746,20600
AAAA989,BA907,25/01/2023,Cancelled,0,414,0
AAAA990,BA1401,13/02/2023,Cancelled,23,1800,3900
AAAA991,BA1516,22/01/2023,Scheduled,106,1908,100
AAAA992,BA1378,08/04/2023,Completed,373,1458,11456
AAAA993,BA1787,17/05/2023,Completed,159,2430,15158
AAAA994,BA1538,13/02/2023,Scheduled,148,2430,78708
AAAA995,BA933,16/04/2023,Cancelled,77,1620,464
AAAA996,BA1378,30/03/2023,Cancelled,106,1908,10559
AAAA997,BA2343,25/03/2023,Completed,180,648,59002
AAAA998,BA1382,08/05/2023,Completed,84,2916,28106
AAAA999,BA499,14/03/2023,Cancelled,120,1674,43412
AAAA1000,BA505,13/05/2023,Cancelled,163,72,40262
AAAA1001,BA1738,26/03/2023,Scheduled,120,2430,6053
AAAA1002,BA948,09/06/2023,Cancelled,106,1620,12966
AAAA1003,BA955,05/01/2023,Completed,0,1692,103747
AAAA1004,BA2355,20/04/2023,Completed,68,0,16867
AAAA1005,BA1706,24/03/2023,Cancelled,183,1512,3800
AAAA1006,BA2355,14/02/2023,Cancelled,99,2430,10550
AAAA1007,BA1706,21/02/2023,Completed,0,1764,9453
AAAA1008,BA894,16/05/2023,Cancelled,326,1566,48700
AAAA1009,BA955,22/03/2023,Scheduled,130,0,18503
AAAA1010,BA2359,16/04/2023,Scheduled,122,1386,38353
AAAA1011,BA1730,26/05/2023,Scheduled,1,2430,15158
AAAA1012,BA543,03/02/2023,Completed,159,2772,0
